{
    "MultiPref (Majority)": {
        "optimal": {
            "score": 0.706378476,
            "std": null,
            "swaps": 1.49
        },
        "human_100": {
            "score": 0.6036541233,
            "std": 0.01432544196
        },
        "human_75": {
            "random": {
                "score": 0.6041044589,
                "std": 0.00648556154
            },
            "datamodel_ours": {
                "score": 0.657435608,
                "std": 0.000255836901
            },
            "linear_predicted": {
                "score": null,
                "std": null
            }
        },
        "human_50": {
            "random": {
                "score": 0.6294707783,
                "std": 0.0124571136
            },
            "datamodel_ours": {
                "score": 0.6699169605,
                "std": 0.00336722144
            },
            "linear_predicted": {
                "score": null,
                "std": null
            }
        },
        "human_25": {
            "random": {
                "score": 0.6440943955,
                "std": 0.00914558638
            },
            "datamodel_ours": {
                "score": 0.6877825055,
                "std": 0.007049452311
            },
            "linear_predicted": {
                "score": null,
                "std": null
            }
        },
        "human_0": {
            "score": 0.6647963033,
            "std": 0.01003279821
        }
    },
    "MultiPref (Experts)": {
        "optimal": {
            "score": null,
            "std": null,
            "swaps": null
        },
        "human_100": {
            "score": 0.5744816988,
            "std": 0.01403116987
        },
        "human_75": {
            "random": {
                "score": 0.587113236,
                "std": 0.009626793563
            },
            "datamodel_ours": {
                "score": 0.6320851606,
                "std": 0.000242834001
            },
            "linear_predicted": {
                "score": null,
                "std": null
            }
        },
        "human_50": {
            "random": {
                "score": 0.6491713867,
                "std": 0.00860213519
            },
            "datamodel_ours": {
                "score": 0.6645099743,
                "std": 0.000142381
            },
            "linear_predicted": {
                "score": null,
                "std": null
            }
        },
        "human_25": {
            "random": {
                "score": 0.6261454613,
                "std": 0.011341180377
            },
            "datamodel_ours": {
                "score": 0.6886117776,
                "std": 0.006202691063
            },
            "linear_predicted": {
                "score": null,
                "std": null
            }
        },
        "human_0": {
            "score": 0.6647963033,
            "std": 0.00926738664
        }
    },
    "MultiPref (Normal)": {
        "optimal": {
            "score": null,
            "std": null,
            "swaps": null
        },
        "human_100": {
            "score": 0.571290725,
            "std": 0.009884708583
        },
        "human_75": {
            "random": {
                "score": 0.5861341215,
                "std": 0.0170927814
            },
            "datamodel_ours": {
                "score": 0.6149416663,
                "std": 0.0010495081
            },
            "linear_predicted": {
                "score": null,
                "std": null
            }
        },
        "human_50": {
            "random": {
                "score": 0.6240394718,
                "std": 0.00936227489
            },
            "datamodel_ours": {
                "score": 0.6516628059,
                "std": 0.00540300256
            },
            "linear_predicted": {
                "score": null,
                "std": null
            }
        },
        "human_25": {
            "random": {
                "score": 0.6676071741,
                "std": 0.00107388105
            },
            "datamodel_ours": {
                "score": 0.6755738174,
                "std": 0.004810145219
            },
            "linear_predicted": {
                "score": null,
                "std": null
            }
        },
        "human_0": {
            "score": 0.661098553,
            "std": 0.00251535938
        }
    },
    "HelpSteer2": {
        "optimal": {
            "score": 0.7970620446,
            "std": null,
            "swaps": 2.78
        },
        "human_100": {
            "score": 0.7244862062,
            "std": 0.00828079111
        },
        "human_75": {
            "random": {
                "score": 0.7308591812,
                "std": 0.01084530553
            },
            "datamodel_ours": {
                "score": 0.7411919814,
                "std": 0.0003104445485
            },
            "linear_predicted": {
                "score": null,
                "std": null
            }
        },
        "human_50": {
            "random": {
                "score": 0.6989520207,
                "std": 0.0126195063
            },
            "datamodel_ours": {
                "score": 0.7703813801,
                "std": 0.000539693934
            },
            "linear_predicted": {
                "score": null,
                "std": null
            }
        },
        "human_25": {
            "random": {
                "score": 0.7195659028,
                "std": 0.0165237678
            },
            "datamodel_ours": {
                "score": 0.7568625451,
                "std": 0.000573294347
            },
            "linear_predicted": {
                "score": null,
                "std": null
            }
        },
        "human_0": {
            "score": 0.6589146105,
            "std": 0.00787566205
        }
    },
    "ChatArena": {
        "optimal": {
            "score": 0.7227572617,
            "std": null,
            "swaps": 0.92 
        },
        "human_100": {
            "score": 0.5900274236,
            "std": 0.007598570491
        },
        "human_75": {
            "random": {
                "score": 0.6150350983,
                "std": 0.0119797227
            },
            "datamodel_ours": {
                "score": 0.6224001488,
                "std": 0.000931522576
            },
            "linear_predicted": {
                "score": null,
                "std": null
            }
        },
        "human_50": {
            "random": {
                "score": 0.6318025093,
                "std": 0.02035392953
            },
            "datamodel_ours": {
                "score": 0.6613436224,
                "std": 0.00009004775
            },
            "linear_predicted": {
                "score": null,
                "std": null
            }
        },
        "human_25": {
            "random": {
                "score": 0.6590068369,
                "std": 0.00926713036
            },
            "datamodel_ours": {
                "score": 0.7216996357,
                "std": 0.00003100798
            },
            "linear_predicted": {
                "score": null,
                "std": null
            }
        },
        "human_0": {
            "score": 0.7161539026,
            "std": 0.008284597933
        }
    },
    "AlpacaFarm": {
        "optimal": {
            "score": 0.6681374886,
            "std": null,
            "swaps": 2.69 
        },
        "human_100": {
            "score": 0.5506994896,
            "std": 0.01279058507
        },
        "human_75": {
            "random": {
                "score": 0.5638841148,
                "std": 0.008765289053
            },
            "datamodel_ours": {
                "score": 0.5922367539,
                "std": 0.00070931992
            },
            "linear_predicted": {
                "score": null,